separation_deg,pi1,pi2,kappa,F,n_reps,K2_recovered,power
10,0.5,0.5,5,100,30,0,0.0
10,0.5,0.5,5,500,30,0,0.0
10,0.5,0.5,5,1000,30,0,0.0
10,0.5,0.5,20,100,30,0,0.0
10,0.5,0.5,20,500,30,0,0.0
10,0.5,0.5,20,1000,30,4,0.13333333333333333
10,0.5,0.5,100,100,30,21,0.7
10,0.5,0.5,100,500,30,30,1.0
10,0.5,0.5,100,1000,30,30,1.0
10,0.8,0.2,5,100,30,0,0.0
10,0.8,0.2,5,500,30,0,0.0
10,0.8,0.2,5,1000,30,0,0.0
10,0.8,0.2,20,100,30,1,0.03333333333333333
10,0.8,0.2,20,500,30,0,0.0
10,0.8,0.2,20,1000,30,1,0.03333333333333333
10,0.8,0.2,100,100,30,18,0.6
10,0.8,0.2,100,500,30,30,1.0
10,0.8,0.2,100,1000,30,30,1.0
20,0.5,0.5,5,100,30,0,0.0
20,0.5,0.5,5,500,30,1,0.03333333333333333
20,0.5,0.5,5,1000,30,4,0.13333333333333333
20,0.5,0.5,20,100,30,14,0.4666666666666667
20,0.5,0.5,20,500,30,30,1.0
20,0.5,0.5,20,1000,30,30,1.0
20,0.5,0.5,100,100,30,30,1.0
20,0.5,0.5,100,500,30,30,1.0
20,0.5,0.5,100,1000,30,30,1.0
20,0.8,0.2,5,100,30,0,0.0
20,0.8,0.2,5,500,30,0,0.0
20,0.8,0.2,5,1000,30,0,0.0
20,0.8,0.2,20,100,30,6,0.2
20,0.8,0.2,20,500,30,29,0.9666666666666667
20,0.8,0.2,20,1000,30,30,1.0
20,0.8,0.2,100,100,30,30,1.0
20,0.8,0.2,100,500,30,30,1.0
20,0.8,0.2,100,1000,30,30,1.0
30,0.5,0.5,5,100,30,1,0.03333333333333333
30,0.5,0.5,5,500,30,25,0.8333333333333334
30,0.5,0.5,5,1000,30,30,1.0
30,0.5,0.5,20,100,30,30,1.0
30,0.5,0.5,20,500,30,30,1.0
30,0.5,0.5,20,1000,30,30,1.0
30,0.5,0.5,100,100,30,30,1.0
30,0.5,0.5,100,500,30,30,1.0
30,0.5,0.5,100,1000,30,30,1.0
30,0.8,0.2,5,100,30,0,0.0
30,0.8,0.2,5,500,30,8,0.26666666666666666
30,0.8,0.2,5,1000,30,17,0.5666666666666667
30,0.8,0.2,20,100,30,30,1.0
30,0.8,0.2,20,500,30,30,1.0
30,0.8,0.2,20,1000,30,30,1.0
30,0.8,0.2,100,100,30,30,1.0
30,0.8,0.2,100,500,30,30,1.0
30,0.8,0.2,100,1000,30,30,1.0
60,0.5,0.5,5,100,30,30,1.0
60,0.5,0.5,5,500,30,30,1.0
60,0.5,0.5,5,1000,30,30,1.0
60,0.5,0.5,20,100,30,30,1.0
60,0.5,0.5,20,500,30,30,1.0
60,0.5,0.5,20,1000,30,30,1.0
60,0.5,0.5,100,100,30,30,1.0
60,0.5,0.5,100,500,30,30,1.0
60,0.5,0.5,100,1000,30,30,1.0
60,0.8,0.2,5,100,30,30,1.0
60,0.8,0.2,5,500,30,30,1.0
60,0.8,0.2,5,1000,30,30,1.0
60,0.8,0.2,20,100,30,30,1.0
60,0.8,0.2,20,500,30,30,1.0
60,0.8,0.2,20,1000,30,30,1.0
60,0.8,0.2,100,100,30,30,1.0
60,0.8,0.2,100,500,30,30,1.0
60,0.8,0.2,100,1000,30,30,1.0
90,0.5,0.5,5,100,30,30,1.0
90,0.5,0.5,5,500,30,30,1.0
90,0.5,0.5,5,1000,30,30,1.0
90,0.5,0.5,20,100,30,30,1.0
90,0.5,0.5,20,500,30,30,1.0
90,0.5,0.5,20,1000,30,30,1.0
90,0.5,0.5,100,100,30,30,1.0
90,0.5,0.5,100,500,30,30,1.0
90,0.5,0.5,100,1000,30,30,1.0
90,0.8,0.2,5,100,30,30,1.0
90,0.8,0.2,5,500,30,30,1.0
90,0.8,0.2,5,1000,30,30,1.0
90,0.8,0.2,20,100,30,30,1.0
90,0.8,0.2,20,500,30,30,1.0
90,0.8,0.2,20,1000,30,30,1.0
90,0.8,0.2,100,100,30,30,1.0
90,0.8,0.2,100,500,30,30,1.0
90,0.8,0.2,100,1000,30,30,1.0
180,0.5,0.5,5,100,30,30,1.0
180,0.5,0.5,5,500,30,30,1.0
180,0.5,0.5,5,1000,30,30,1.0
180,0.5,0.5,20,100,30,30,1.0
180,0.5,0.5,20,500,30,30,1.0
180,0.5,0.5,20,1000,30,30,1.0
180,0.5,0.5,100,100,30,30,1.0
180,0.5,0.5,100,500,30,30,1.0
180,0.5,0.5,100,1000,30,30,1.0
180,0.8,0.2,5,100,30,30,1.0
180,0.8,0.2,5,500,30,30,1.0
180,0.8,0.2,5,1000,30,30,1.0
180,0.8,0.2,20,100,30,30,1.0
180,0.8,0.2,20,500,30,30,1.0
180,0.8,0.2,20,1000,30,30,1.0
180,0.8,0.2,100,100,30,30,1.0
180,0.8,0.2,100,500,30,30,1.0
180,0.8,0.2,100,1000,30,30,1.0
