q,F,kappa_true,rep,loglik1,loglik2,bic1,bic2,delta_bic,selects_K2,converged
1,500,5.0,0,-416.60207295451585,-507.0859928442337,845.6333621058761,1045.2450261805784,-199.61166407470228,True,False
1,500,5.0,1,-413.4964005374082,-492.06415363022245,839.4220172716608,1015.2013477525559,-175.77933048089506,True,False
1,500,5.0,2,-400.39969007004197,-400.3996969219085,813.2285963369284,831.872434335928,-18.64383799899963,True,True
1,500,5.0,3,-383.8154876789061,-383.8154932288131,780.0601915546566,798.7040269497372,-18.6438353950806,True,True
1,500,5.0,4,-427.6197122574072,-506.45668424393466,867.6686407116588,1043.9864089799803,-176.31776826832152,True,False
1,500,5.0,5,-416.68716892757163,-488.83988047463015,845.8035540519877,1008.7528014413713,-162.94924738938357,True,False
1,500,5.0,6,-422.3945098288403,-422.39451318111844,857.218235854525,875.8620668543479,-18.643830999822853,True,True
1,500,5.0,7,-407.4122396668431,-407.4122448256551,827.2536955305306,845.8975301434211,-18.643834612890487,True,True
1,500,5.0,8,-408.8041428098224,-486.781791066384,830.0375018164892,1004.636622624879,-174.59912080838978,True,False
1,500,5.0,9,-416.3817154465042,-416.38172918960527,845.1926470898528,863.8364988713215,-18.643851781468697,True,True
1,500,5.0,10,-404.236844081396,-497.51617771609494,820.9029043596364,1026.1053959243009,-205.20249156466446,True,True
1,500,5.0,11,-416.2718213512126,-416.27182130121264,844.9728588992697,863.6166830945363,-18.643824195266575,True,False
1,500,5.0,12,-408.137332336756,-489.32894023171883,828.7038808703564,1009.7309209555486,-181.0270400851922,True,False
1,500,5.0,13,-428.38083881099357,-428.3808401267246,869.1908938188316,887.8347207455602,-18.643826926728593,True,True
1,500,5.0,14,-418.1968241889636,-418.19682868616826,848.8228645747716,867.4666978644475,-18.643833289675854,True,True
1,500,5.0,15,-408.8711101689392,-481.9631352832199,830.1714365347228,994.9993110585508,-164.82787452382797,True,False
1,500,5.0,16,-426.08359563441115,-479.6415448398641,864.5964074656667,990.3561301718391,-125.7597227061724,True,False
1,500,5.0,17,-393.8277114347044,-479.70876317217596,800.0846390662532,990.4905668364629,-190.4059277702097,True,False
1,500,5.0,18,-428.4534597680409,-530.510666902923,869.3361357329262,1092.094374297957,-222.75823856503087,True,False
1,500,5.0,19,-390.8916676253692,-461.0786353539462,794.2125514475829,953.2303112000034,-159.0177597524205,True,True
1,500,5.0,20,-426.42600152838617,-426.42600262448866,865.2812192536168,883.9250457410883,-18.64382648747153,True,True
1,500,5.0,21,-396.26184082707255,-396.2618417276286,804.9528978509895,823.5967239473682,-18.64382609637869,True,True
1,500,5.0,22,-390.32947921854907,-390.3294812858123,793.0881746339426,811.7320030637355,-18.64382842979296,True,True
1,500,5.0,23,-378.1855013592563,-460.25624030516326,768.800218915357,951.5855211024375,-182.78530218708045,True,False
1,500,5.0,24,-397.47889517133063,-397.4788981079375,807.3870065395057,826.0308367079859,-18.643830168480235,True,True
1,500,5.0,25,-408.7288595957583,-408.72886228635605,829.886935388361,848.5307650648231,-18.64382967646202,True,True
1,500,5.0,26,-398.0919605141749,-398.0919742244945,808.6131372251942,827.2569889411,-18.643851715905726,True,True
1,500,5.0,27,-402.9368984661376,-402.9368991133549,818.3030131291197,836.9468387188208,-18.643825589701123,True,True
1,500,5.0,28,-379.93328891065,-451.99671563024583,772.2957940181444,935.0664717526026,-162.77067773445822,True,False
1,500,5.0,29,-388.17413547900543,-388.1741354290051,788.7774871548553,807.4213113501212,-18.643824195265893,True,False
2,500,5.0,0,-834.3859411614233,-834.385945852328,1693.6303147165354,1724.7033645904555,-31.073049873920127,True,True
2,500,5.0,1,-811.1854644476264,-812.5260198510102,1647.2293612889416,1680.98351258782,-33.75415129887847,True,True
2,500,5.0,2,-825.3222643975781,-825.3222764221923,1675.5029611888451,1706.5760257301843,-31.073064541339136,True,True
2,500,5.0,3,-772.7330240573766,-850.2540931176184,1570.324480508442,1756.4396591210364,-186.11517861259426,True,False
2,500,5.0,4,-832.727627145857,-832.7276325437297,1690.313686685403,1721.386737973259,-31.07305128785606,True,True
2,500,5.0,5,-827.3742827119397,-897.211513698219,1679.6069978175683,1850.3545002822377,-170.74750246466942,True,False
2,500,5.0,6,-810.2463313763824,-888.7303328921998,1645.3510951464536,1833.3921386701993,-188.04104352374566,True,False
2,500,5.0,7,-857.4795875748088,-928.9874294654003,1739.8176075433064,1913.9063318166002,-174.0887242732938,True,False
2,500,5.0,8,-810.7909650579126,-887.8370472487497,1646.440362509514,1831.605567383299,-185.16520487378511,True,False
2,500,5.0,9,-810.3000335264526,-810.300038589195,1645.458499446594,1676.5315500641896,-31.073050617595527,True,True
2,500,5.0,10,-797.9665840637308,-873.698638302189,1620.7916005211505,1803.3287494901776,-182.53714896902716,True,False
2,500,5.0,11,-825.8054985193744,-897.9819226580371,1676.4694294324377,1851.8953182018738,-175.42588876943614,True,False
2,500,5.0,12,-811.7392697502444,-894.72792767236,1648.3369718941776,1845.3873282305196,-197.05035633634202,True,False
2,500,5.0,13,-858.9776395598258,-928.5374648852303,1742.8137115133404,1913.0064026562602,-170.19269114291978,True,True
2,500,5.0,14,-844.6022742344944,-844.6022989955807,1714.0629808626777,1745.136070876961,-31.073090014283252,True,True
2,500,5.0,15,-807.4141644118916,-807.4141967369819,1639.6867612174722,1670.7598663597635,-31.073105142291297,True,True
2,500,5.0,16,-871.5862502093088,-871.5862580486441,1768.0309328123064,1799.103988983088,-31.073056170781456,True,True
2,500,5.0,17,-789.5986583045086,-867.765812585001,1604.055749002706,1791.4630980558015,-187.40734905309546,True,False
2,500,5.0,18,-828.4360969686553,-828.4361079435098,1681.7306263309995,1712.8036887728192,-31.07306244181973,True,True
2,500,5.0,19,-793.2882950781471,-853.4014726407479,1611.4350225499832,1762.7344181672954,-151.29939561731226,True,False
2,500,5.0,20,-834.9308701338379,-834.9308745477069,1694.7201726613646,1725.7932219812135,-31.073049319848906,True,True
2,500,5.0,21,-814.972626805849,-877.757125406606,1654.803686005387,1811.4457236990115,-156.64203769362462,True,False
2,500,5.0,22,-785.0674460175586,-785.0674476654083,1594.993324428806,1626.0663682166162,-31.073043787810093,True,True
2,500,5.0,23,-764.9596243859993,-804.0014222076563,1554.7776811656875,1663.9343173011123,-109.15663613542483,True,False
2,500,5.0,24,-796.7048634353434,-796.7048685813136,1618.2681592643758,1649.3412100484268,-31.07305078405102,True,True
2,500,5.0,25,-826.8888455512996,-826.8888573186262,1678.636123496288,1709.709187523052,-31.07306402676386,True,True
2,500,5.0,26,-808.8853902098195,-883.59193454694,1642.629212813328,1823.1153419796797,-180.4861291663517,True,True
2,500,5.0,27,-783.7868976383602,-783.7869050168622,1592.4322276704092,1623.505282919524,-31.07305524911476,True,True
2,500,5.0,28,-791.7085391424364,-844.0487385158751,1608.2755106785617,1744.0289499175499,-135.75343923898822,True,False
2,500,5.0,29,-771.4439371370979,-771.4439370870982,1567.7463066678847,1598.819347059996,-31.073040392111352,True,False
5,500,5.0,0,-2054.624202842869,-2053.210250331896,4171.39448666996,4236.927270730658,-65.53278406069785,True,False
5,500,5.0,1,-1994.61158618998,-1983.970174800079,4051.369253364182,4098.447119667024,-47.07786630284181,True,True
5,500,5.0,2,-2039.8621139764648,-2053.8421453510546,4141.870308937151,4238.191060768975,-96.32075183182405,True,False
5,500,5.0,3,-1971.7736252352315,-2034.755317123268,4005.693331454685,4200.017404313402,-194.32407285871705,True,False
5,500,5.0,4,-2069.766330744665,-2130.57521784207,4201.678742473552,4391.657205751006,-189.97846327745356,True,False
5,500,5.0,5,-1990.6995987046764,-1990.6996298498766,4043.545278393575,4111.906029766619,-68.36075137304442,True,True
5,500,5.0,6,-2020.3950446250285,-2020.3950535023819,4102.9361702342785,4171.29687707163,-68.36070683735124,True,True
5,500,5.0,7,-2110.765685191982,-2108.706549963121,4283.677451368186,4347.919869993108,-64.24241862492181,True,False
5,500,5.0,8,-2039.404912909124,-2112.423166174619,4140.95590680247,4355.353102416104,-214.3971956136338,True,False
5,500,5.0,9,-2034.040527150546,-2034.040623028929,4130.227135285314,4198.588016124724,-68.36088083941013,True,True
5,500,5.0,10,-2053.9188570640913,-2055.844160675439,4169.983795112405,4242.195091417744,-72.2112963053396,True,True
5,500,5.0,11,-2023.7475793030549,-2019.8732083043515,4109.641239590332,4170.253186675569,-60.61194708523726,True,False
5,500,5.0,12,-2012.6082528048985,-2013.427030655218,4087.362586594019,4157.360831377302,-69.9982447832831,True,False
5,500,5.0,13,-2077.164976100711,-2125.9936572978077,4216.476033185644,4382.494084662481,-166.01805147683717,True,False
5,500,5.0,14,-2094.3539755143893,-2104.4076930437413,4250.8540320130005,4339.322156154349,-88.4681241413482,True,False
5,500,5.0,15,-2036.8045100688983,-2036.804532935718,4135.7551011220185,4204.115835938303,-68.3607348162841,True,True
5,500,5.0,16,-2061.80534015741,-2061.8053573260613,4185.7567612990415,4254.117484718989,-68.36072341994713,True,True
5,500,5.0,17,-2008.238934235929,-2008.238934185931,4078.62394945608,4146.984638438727,-68.36068898264739,True,False
5,500,5.0,18,-2048.454546998787,-2110.305615565464,4159.055174981796,4351.118001197794,-192.06282621599803,True,False
5,500,5.0,19,-2061.806125268271,-2061.8061252182724,4185.758331520764,4254.119020503411,-68.36068898264693,True,False
5,500,5.0,20,-2030.8119631409625,-2093.699530862055,4123.770007266146,4317.905831790976,-194.13582452482933,True,False
5,500,5.0,21,-2069.9865389205593,-2069.986547946004,4202.1191588253405,4270.479865958874,-68.36070713353365,True,True
5,500,5.0,22,-2021.1716560440639,-2054.905061693434,4104.489393072349,4240.316893453734,-135.8275003813851,True,False
5,500,5.0,23,-2021.4555648600003,-2021.4556143855154,4105.057210704223,4173.417998837896,-68.36078813367385,True,True
5,500,5.0,24,-1999.767453672059,-1987.1131040757539,4061.68098832834,4104.732978218373,-43.05198989003338,True,False
5,500,5.0,25,-2025.193926908685,-2017.216388548705,4112.533934801591,4164.9395471642765,-52.40561236268513,True,True
5,500,5.0,26,-2047.1375559065903,-2039.1525417275611,4156.421192797402,4208.811853521988,-52.39066072458627,True,True
5,500,5.0,27,-2011.292623308004,-2011.2926449481397,4084.73132760023,4153.092059963145,-68.36073236291531,True,True
5,500,5.0,28,-1945.3843783767657,-1946.539092294293,3952.9148377377533,4023.584954655452,-70.67011691769858,True,False
5,500,5.0,29,-1979.5290595244264,-1967.8659299789956,4021.204200033075,4066.2386300248572,-45.03442999178242,True,True
