q,kappa,F,n_reps,K2_count,FPR,collapse_count,collapse_rate
1,1,100,50,1,0.02,0,0.0
1,1,250,50,0,0.0,0,0.0
1,1,500,50,0,0.0,0,0.0
1,1,1000,50,0,0.0,0,0.0
1,1,2500,50,0,0.0,0,0.0
1,5,100,50,1,0.02,0,0.0
1,5,250,50,0,0.0,0,0.0
1,5,500,50,0,0.0,0,0.0
1,5,1000,50,0,0.0,0,0.0
1,5,2500,50,0,0.0,0,0.0
1,20,100,50,0,0.0,0,0.0
1,20,250,50,1,0.02,0,0.0
1,20,500,50,0,0.0,0,0.0
1,20,1000,50,0,0.0,0,0.0
1,20,2500,50,0,0.0,0,0.0
2,1,100,50,0,0.0,0,0.0
2,1,250,50,0,0.0,0,0.0
2,1,500,50,0,0.0,0,0.0
2,1,1000,50,0,0.0,0,0.0
2,1,2500,50,0,0.0,0,0.0
2,5,100,50,0,0.0,0,0.0
2,5,250,50,0,0.0,0,0.0
2,5,500,50,0,0.0,0,0.0
2,5,1000,50,0,0.0,0,0.0
2,5,2500,50,0,0.0,0,0.0
2,20,100,50,0,0.0,0,0.0
2,20,250,50,0,0.0,0,0.0
2,20,500,50,0,0.0,0,0.0
2,20,1000,50,0,0.0,0,0.0
2,20,2500,50,0,0.0,0,0.0
5,1,100,50,0,0.0,0,0.0
5,1,250,50,0,0.0,0,0.0
5,1,500,50,0,0.0,0,0.0
5,1,1000,50,0,0.0,0,0.0
5,1,2500,50,0,0.0,0,0.0
5,5,100,50,0,0.0,0,0.0
5,5,250,50,0,0.0,0,0.0
5,5,500,50,0,0.0,0,0.0
5,5,1000,50,0,0.0,0,0.0
5,5,2500,50,0,0.0,0,0.0
5,20,100,50,0,0.0,0,0.0
5,20,250,50,0,0.0,0,0.0
5,20,500,50,0,0.0,0,0.0
5,20,1000,50,0,0.0,0,0.0
5,20,2500,50,0,0.0,0,0.0
